강남역 여의사 산부인과 진료 장점과 특징,3
여성 전문의가 있는 산부인과를 찾는 이유,3
강남역 산부인과에서 주로 다루는 진료 과목,3
여의사 진료를 선호하는 환자들의 심리적 안정감,3
강남역 산부인과 진료 예약 꿀팁,3
강남 여의사 산부인과 후기 비교 방법,3
여성전문의 상담이 필요한 질환 사례,3
산부인과 진료 시 꼭 물어봐야 할 질문들,3
초진 환자가 알아두면 좋은 진료 절차,3
강남역 산부인과 위치별 장단점,3
자궁근종 초기 증상과 진단 방법,3
자궁근종 크기에 따른 치료법 차이,3
자궁근종이 여성 건강에 미치는 영향,3
자궁근종을 방치했을 때 나타날 수 있는 합병증,3
자궁근종과 불임의 연관성,3
자궁근종 환자의 생활 습관 관리법,3
자궁근종 치료 시 선택 가능한 수술법 비교,3
자궁근종 진단을 위한 초음파 검사 과정,3
자궁근종 수술 전후 관리 방법,3
자궁근종 환자를 위한 식이 요법,3
하이푸 시술이란 무엇인가,3
자궁근종 하이푸 시술 과정 자세히 알아보기,3
하이푸 시술 장점과 단점 비교,3
하이푸와 기존 자궁근종 수술 차이점,3
하이푸 시술 대상이 되는 환자 조건,3
하이푸 시술 후 회복 기간과 관리법,3
하이푸 시술 비용과 보험 적용 여부,3
하이푸 시술 성공률은 어느 정도일까,3
하이푸 시술 후 임신 가능성,3
하이푸 시술 전 상담 시 꼭 알아야 할 사항,3
소음순 수술이 필요한 경우와 원인,3
소음순 수술 수술 방법 종류,3
소음순 비대증이 일상생활에 미치는 불편함,3
소음순 수술 후 회복 기간은 얼마나 걸릴까,3
소음순 수술 후 관리 방법,3
소음순 수술의 부작용과 예방책,3
소음순 수술을 결정할 때 고려해야 할 점,3
소음순 수술과 여성 자신감 회복,3
소음순 수술 후 운동과 생활 습관,3
소음순 수술 비용과 병원 선택 팁,3
요실금이란 원인과 증상 정리,3
요실금 환자들이 겪는 생활 불편,3
요실금 치료법 수술과 비수술적 방법 비교,3
요실금 수술 절차와 효과,3
요실금 수술 후 관리와 회복 방법,3
요실금 수술의 부작용 가능성과 예방,3
요실금 수술 후 생활습관 개선 방법,3
요실금 수술 비용 및 보험 적용 여부,3
요실금 수술 전 꼭 필요한 검사들,3
요실금 환자를 위한 운동 및 예방 습관,3
여성들이 산부인과 진료를 미루면 안 되는 이유,3
30대 여성 건강 검진 필수 항목,3
40대 여성 자궁 건강 체크리스트,3
출산 경험이 있는 여성에게 흔한 질환,3
여성 호르몬 변화와 질환 발생,3
스트레스가 여성 건강에 미치는 영향,3
여성 질환 예방을 위한 생활습관 관리법,3
여성에게 필요한 필수 영양소,3
여성 자궁 건강과 운동의 관계,3
여성 건강을 위한 정기검진 주기,3
강남 산부인과 병원 선택 기준,3
산부인과 진료에서 중요한 의료 장비,3
강남 산부인과 후기 신뢰도 확인 방법,3
산부인과 전문의 자격 확인하는 법,3
강남 산부인과 위치와 교통편 비교,3
야간 진료 가능한 산부인과 찾는 법,3
대학병원과 개인 산부인과 차이,3
산부인과 응급 상황 대처 가능 여부 확인,3
강남 산부인과 진료비 비교 방법,3
여성 환자가 편안하게 진료받는 환경,3
임신 전 산부인과 건강검진 필요성,3
임신 초기 필수 검진 항목,3
임신 중 자궁근종이 미치는 영향,3
하이푸 시술 후 임신 가능성 이야기,3
출산 후 요실금 발생 원인과 관리법,3
출산 후 자궁 회복 관리 방법,3
출산 후 소음순 변화와 치료 필요성,3
출산 후 여성 건강검진의 중요성,3
임신 중 필요한 산부인과 상담 주제,3
출산 경험자들이 산부인과에 자주 묻는 질문,3
자궁근종 환자 치료 사례 소개,3
하이푸 시술 환자의 실제 후기,3
소음순 수술 환자들의 경험담,3
요실금 수술 환자의 생활 변화,3
강남역 여의사 산부인과 환자 후기 모음,3
산부인과 진료가 두려운 환자를 위한 조언,3
여성 질환 조기 발견 성공 사례,3
치료 후 삶의 질이 개선된 이야기,3
여성 건강 검진에서 발견된 흔한 질환들,3
자궁근종 환자의 장기적 관리 경험,3
산부인과 분야의 최신 치료법 소개,3
하이푸 시술의 최신 기술 동향,3
소음순 수술의 미세 수술 트렌드,3
요실금 치료의 새로운 접근법,3
자궁근종 비수술적 치료법 연구 현황,3
강남 산부인과에서 사용하는 첨단 장비,3
여성 건강 관리 분야의 디지털 헬스케어,3
스마트 진단 장비가 산부인과에 주는 변화,3
자궁근종 치료의 국제적 최신 기준,3
여성 환자 중심 의료 서비스의 미래,3
